benchmark,metric,mode,score,scoreError,scoreUnit,bucketCapacity,n,seed,baseDocs,wordsPerDoc,docs,threshold
bench.ExtendableHashTableBenchmark.buildFromScratch,primary,ss,415.04112495833334,3.5504088160342033,ms/op,8,150000,42,,,,
bench.ExtendableHashTableBenchmark.buildFromScratch,async,ss,NaN,NaN,---,8,150000,42,,,,
bench.ExtendableHashTableBenchmark.buildFromScratch,primary,ss,428.4594825,5.647561070479003,ms/op,8,250000,42,,,,
bench.ExtendableHashTableBenchmark.buildFromScratch,async,ss,NaN,NaN,---,8,250000,42,,,,
bench.ExtendableHashTableBenchmark.buildFromScratch,primary,ss,1707.571944333333,18.352892707417276,ms/op,8,350000,42,,,,
bench.ExtendableHashTableBenchmark.buildFromScratch,async,ss,NaN,NaN,---,8,350000,42,,,,
bench.ExtendableHashTableBenchmark.buildFromScratch,primary,ss,104.472672,0.9379525442286204,ms/op,12,150000,42,,,,
bench.ExtendableHashTableBenchmark.buildFromScratch,async,ss,NaN,NaN,---,12,150000,42,,,,
bench.ExtendableHashTableBenchmark.buildFromScratch,primary,ss,397.9997586666668,3.498815055593907,ms/op,12,250000,42,,,,
bench.ExtendableHashTableBenchmark.buildFromScratch,async,ss,NaN,NaN,---,12,250000,42,,,,
bench.ExtendableHashTableBenchmark.buildFromScratch,primary,ss,413.01363379166656,3.9988181822779114,ms/op,12,350000,42,,,,
bench.ExtendableHashTableBenchmark.buildFromScratch,async,ss,NaN,NaN,---,12,350000,42,,,,
bench.ExtendableHashTableBenchmark.buildFromScratch,primary,ss,97.17220654166665,1.8804408848684004,ms/op,16,150000,42,,,,
bench.ExtendableHashTableBenchmark.buildFromScratch,async,ss,NaN,NaN,---,16,150000,42,,,,
bench.ExtendableHashTableBenchmark.buildFromScratch,primary,ss,107.36032991666667,1.7279204779790622,ms/op,16,250000,42,,,,
bench.ExtendableHashTableBenchmark.buildFromScratch,async,ss,NaN,NaN,---,16,250000,42,,,,
bench.ExtendableHashTableBenchmark.buildFromScratch,primary,ss,395.37741145833337,5.485898342042374,ms/op,16,350000,42,,,,
bench.ExtendableHashTableBenchmark.buildFromScratch,async,ss,NaN,NaN,---,16,350000,42,,,,
bench.ExtendableHashTableBenchmark.buildFromScratch,primary,ss,28.778107625,0.5373218093342306,ms/op,24,150000,42,,,,
bench.ExtendableHashTableBenchmark.buildFromScratch,async,ss,NaN,NaN,---,24,150000,42,,,,
bench.ExtendableHashTableBenchmark.buildFromScratch,primary,ss,98.79418241666667,1.6234244755144571,ms/op,24,250000,42,,,,
bench.ExtendableHashTableBenchmark.buildFromScratch,async,ss,NaN,NaN,---,24,250000,42,,,,
bench.ExtendableHashTableBenchmark.buildFromScratch,primary,ss,105.78762499999998,2.183931006139042,ms/op,24,350000,42,,,,
bench.ExtendableHashTableBenchmark.buildFromScratch,async,ss,NaN,NaN,---,24,350000,42,,,,
bench.ExtendableHashTableBenchmark.getHit,primary,thrpt,78.17104583908386,0.691339819295114,ops/us,8,150000,42,,,,
bench.ExtendableHashTableBenchmark.getHit,async,thrpt,NaN,NaN,---,8,150000,42,,,,
bench.ExtendableHashTableBenchmark.getHit,primary,thrpt,66.4864386366652,0.8568082996056609,ops/us,8,200000,42,,,,
bench.ExtendableHashTableBenchmark.getHit,async,thrpt,NaN,NaN,---,8,200000,42,,,,
bench.ExtendableHashTableBenchmark.getHit,primary,thrpt,60.63642841822673,0.6136961429392546,ops/us,8,250000,42,,,,
bench.ExtendableHashTableBenchmark.getHit,async,thrpt,NaN,NaN,---,8,250000,42,,,,
bench.ExtendableHashTableBenchmark.getHit,primary,thrpt,61.858753102718026,0.34129236605988494,ops/us,8,300000,42,,,,
bench.ExtendableHashTableBenchmark.getHit,async,thrpt,NaN,NaN,---,8,300000,42,,,,
bench.ExtendableHashTableBenchmark.getHit,primary,thrpt,61.128879816257296,0.7726238509818345,ops/us,8,350000,42,,,,
bench.ExtendableHashTableBenchmark.getHit,async,thrpt,NaN,NaN,---,8,350000,42,,,,
bench.ExtendableHashTableBenchmark.getHit,primary,thrpt,67.98252040920072,0.41537088318420684,ops/us,12,150000,42,,,,
bench.ExtendableHashTableBenchmark.getHit,async,thrpt,NaN,NaN,---,12,150000,42,,,,
bench.ExtendableHashTableBenchmark.getHit,primary,thrpt,54.700580344621265,0.8509748482932552,ops/us,12,200000,42,,,,
bench.ExtendableHashTableBenchmark.getHit,async,thrpt,NaN,NaN,---,12,200000,42,,,,
bench.ExtendableHashTableBenchmark.getHit,primary,thrpt,58.97712006464152,0.5237771691823524,ops/us,12,250000,42,,,,
bench.ExtendableHashTableBenchmark.getHit,async,thrpt,NaN,NaN,---,12,250000,42,,,,
bench.ExtendableHashTableBenchmark.getHit,primary,thrpt,56.329150461397624,0.4153660997990418,ops/us,12,300000,42,,,,
bench.ExtendableHashTableBenchmark.getHit,async,thrpt,NaN,NaN,---,12,300000,42,,,,
bench.ExtendableHashTableBenchmark.getHit,primary,thrpt,52.48661302017484,1.4872261844712853,ops/us,12,350000,42,,,,
bench.ExtendableHashTableBenchmark.getHit,async,thrpt,NaN,NaN,---,12,350000,42,,,,
bench.ExtendableHashTableBenchmark.getHit,primary,thrpt,67.40646555259283,0.4033567171265342,ops/us,16,150000,42,,,,
bench.ExtendableHashTableBenchmark.getHit,async,thrpt,NaN,NaN,---,16,150000,42,,,,
bench.ExtendableHashTableBenchmark.getHit,primary,thrpt,54.540016002578845,0.5411834446609753,ops/us,16,200000,42,,,,
bench.ExtendableHashTableBenchmark.getHit,async,thrpt,NaN,NaN,---,16,200000,42,,,,
bench.ExtendableHashTableBenchmark.getHit,primary,thrpt,50.1962418809494,0.9319739836254289,ops/us,16,250000,42,,,,
bench.ExtendableHashTableBenchmark.getHit,async,thrpt,NaN,NaN,---,16,250000,42,,,,
bench.ExtendableHashTableBenchmark.getHit,primary,thrpt,54.297319629146635,0.8426033587477799,ops/us,16,300000,42,,,,
bench.ExtendableHashTableBenchmark.getHit,async,thrpt,NaN,NaN,---,16,300000,42,,,,
bench.ExtendableHashTableBenchmark.getHit,primary,thrpt,52.60310909262538,0.54827940156726,ops/us,16,350000,42,,,,
bench.ExtendableHashTableBenchmark.getHit,async,thrpt,NaN,NaN,---,16,350000,42,,,,
bench.ExtendableHashTableBenchmark.getHit,primary,thrpt,51.9100902652579,1.258601031215627,ops/us,24,150000,42,,,,
bench.ExtendableHashTableBenchmark.getHit,async,thrpt,NaN,NaN,---,24,150000,42,,,,
bench.ExtendableHashTableBenchmark.getHit,primary,thrpt,42.86736272770119,2.0583945995467823,ops/us,24,200000,42,,,,
bench.ExtendableHashTableBenchmark.getHit,async,thrpt,NaN,NaN,---,24,200000,42,,,,
bench.ExtendableHashTableBenchmark.getHit,primary,thrpt,48.0347258824921,0.4902531536065466,ops/us,24,250000,42,,,,
bench.ExtendableHashTableBenchmark.getHit,async,thrpt,NaN,NaN,---,24,250000,42,,,,
bench.ExtendableHashTableBenchmark.getHit,primary,thrpt,45.60346124206716,0.6455588219741829,ops/us,24,300000,42,,,,
bench.ExtendableHashTableBenchmark.getHit,async,thrpt,NaN,NaN,---,24,300000,42,,,,
bench.ExtendableHashTableBenchmark.getHit,primary,thrpt,43.28493731605226,0.3880065383749912,ops/us,24,350000,42,,,,
bench.ExtendableHashTableBenchmark.getHit,async,thrpt,NaN,NaN,---,24,350000,42,,,,
bench.ExtendableHashTableBenchmark.getHit,primary,avgt,0.01273126152851091,7.500477673988755e-05,us/op,8,150000,42,,,,
bench.ExtendableHashTableBenchmark.getHit,async,avgt,NaN,NaN,---,8,150000,42,,,,
bench.ExtendableHashTableBenchmark.getHit,primary,avgt,0.015058858651651583,0.00016035321832965908,us/op,8,200000,42,,,,
bench.ExtendableHashTableBenchmark.getHit,async,avgt,NaN,NaN,---,8,200000,42,,,,
bench.ExtendableHashTableBenchmark.getHit,primary,avgt,0.016666970370830078,0.0001939299883351415,us/op,8,250000,42,,,,
bench.ExtendableHashTableBenchmark.getHit,async,avgt,NaN,NaN,---,8,250000,42,,,,
bench.ExtendableHashTableBenchmark.getHit,primary,avgt,0.01608643898356499,7.674724771067866e-05,us/op,8,300000,42,,,,
bench.ExtendableHashTableBenchmark.getHit,async,avgt,NaN,NaN,---,8,300000,42,,,,
bench.ExtendableHashTableBenchmark.getHit,primary,avgt,0.016331014757031272,0.00018214986511904096,us/op,8,350000,42,,,,
bench.ExtendableHashTableBenchmark.getHit,async,avgt,NaN,NaN,---,8,350000,42,,,,
bench.ExtendableHashTableBenchmark.getHit,primary,avgt,0.01471977482863183,8.010849406536864e-05,us/op,12,150000,42,,,,
bench.ExtendableHashTableBenchmark.getHit,async,avgt,NaN,NaN,---,12,150000,42,,,,
bench.ExtendableHashTableBenchmark.getHit,primary,avgt,0.018776449505797717,0.0003867760353972265,us/op,12,200000,42,,,,
bench.ExtendableHashTableBenchmark.getHit,async,avgt,NaN,NaN,---,12,200000,42,,,,
bench.ExtendableHashTableBenchmark.getHit,primary,avgt,0.01691339666882678,0.00017057855278825132,us/op,12,250000,42,,,,
bench.ExtendableHashTableBenchmark.getHit,async,avgt,NaN,NaN,---,12,250000,42,,,,
bench.ExtendableHashTableBenchmark.getHit,primary,avgt,0.017530426550097882,0.00022739756091404517,us/op,12,300000,42,,,,
bench.ExtendableHashTableBenchmark.getHit,async,avgt,NaN,NaN,---,12,300000,42,,,,
bench.ExtendableHashTableBenchmark.getHit,primary,avgt,0.018656767467465675,0.00015551172412126184,us/op,12,350000,42,,,,
bench.ExtendableHashTableBenchmark.getHit,async,avgt,NaN,NaN,---,12,350000,42,,,,
bench.ExtendableHashTableBenchmark.getHit,primary,avgt,0.014803510455481573,0.0001216335304702367,us/op,16,150000,42,,,,
bench.ExtendableHashTableBenchmark.getHit,async,avgt,NaN,NaN,---,16,150000,42,,,,
bench.ExtendableHashTableBenchmark.getHit,primary,avgt,0.018746620182772518,0.0001875208066125334,us/op,16,200000,42,,,,
bench.ExtendableHashTableBenchmark.getHit,async,avgt,NaN,NaN,---,16,200000,42,,,,
bench.ExtendableHashTableBenchmark.getHit,primary,avgt,0.019318650662661814,0.00011206651208018797,us/op,16,250000,42,,,,
bench.ExtendableHashTableBenchmark.getHit,async,avgt,NaN,NaN,---,16,250000,42,,,,
bench.ExtendableHashTableBenchmark.getHit,primary,avgt,0.018309095064515047,0.0003796451310958005,us/op,16,300000,42,,,,
bench.ExtendableHashTableBenchmark.getHit,async,avgt,NaN,NaN,---,16,300000,42,,,,
bench.ExtendableHashTableBenchmark.getHit,primary,avgt,0.01867967687656565,0.0001212849272971196,us/op,16,350000,42,,,,
bench.ExtendableHashTableBenchmark.getHit,async,avgt,NaN,NaN,---,16,350000,42,,,,
bench.ExtendableHashTableBenchmark.getHit,primary,avgt,0.018864587460977796,0.000305162628861303,us/op,24,150000,42,,,,
bench.ExtendableHashTableBenchmark.getHit,async,avgt,NaN,NaN,---,24,150000,42,,,,
bench.ExtendableHashTableBenchmark.getHit,primary,avgt,0.022896105843696474,0.00031462691443863894,us/op,24,200000,42,,,,
bench.ExtendableHashTableBenchmark.getHit,async,avgt,NaN,NaN,---,24,200000,42,,,,
bench.ExtendableHashTableBenchmark.getHit,primary,avgt,0.019869496473756607,0.00013671647581825694,us/op,24,250000,42,,,,
bench.ExtendableHashTableBenchmark.getHit,async,avgt,NaN,NaN,---,24,250000,42,,,,
bench.ExtendableHashTableBenchmark.getHit,primary,avgt,0.021568139576869833,0.00017531662014651225,us/op,24,300000,42,,,,
bench.ExtendableHashTableBenchmark.getHit,async,avgt,NaN,NaN,---,24,300000,42,,,,
bench.ExtendableHashTableBenchmark.getHit,primary,avgt,0.023298519572871258,0.0002316198975595996,us/op,24,350000,42,,,,
bench.ExtendableHashTableBenchmark.getHit,async,avgt,NaN,NaN,---,24,350000,42,,,,
bench.ExtendableHashTableBenchmark.getMiss,primary,thrpt,92.75992978293182,2.031377139026913,ops/us,8,150000,42,,,,
bench.ExtendableHashTableBenchmark.getMiss,async,thrpt,NaN,NaN,---,8,150000,42,,,,
bench.ExtendableHashTableBenchmark.getMiss,primary,thrpt,112.04468564736642,3.0015610320503168,ops/us,8,200000,42,,,,
bench.ExtendableHashTableBenchmark.getMiss,async,thrpt,NaN,NaN,---,8,200000,42,,,,
bench.ExtendableHashTableBenchmark.getMiss,primary,thrpt,80.02765300892598,0.8381183056404294,ops/us,8,250000,42,,,,
bench.ExtendableHashTableBenchmark.getMiss,async,thrpt,NaN,NaN,---,8,250000,42,,,,
bench.ExtendableHashTableBenchmark.getMiss,primary,thrpt,79.99812843361421,0.8571482926332191,ops/us,8,300000,42,,,,
bench.ExtendableHashTableBenchmark.getMiss,async,thrpt,NaN,NaN,---,8,300000,42,,,,
bench.ExtendableHashTableBenchmark.getMiss,primary,thrpt,93.02575537517806,0.8135504304242888,ops/us,8,350000,42,,,,
bench.ExtendableHashTableBenchmark.getMiss,async,thrpt,NaN,NaN,---,8,350000,42,,,,
bench.ExtendableHashTableBenchmark.getMiss,primary,thrpt,96.47728186464205,1.2480909910116595,ops/us,12,150000,42,,,,
bench.ExtendableHashTableBenchmark.getMiss,async,thrpt,NaN,NaN,---,12,150000,42,,,,
bench.ExtendableHashTableBenchmark.getMiss,primary,thrpt,73.87945213195579,0.8456373065140858,ops/us,12,200000,42,,,,
bench.ExtendableHashTableBenchmark.getMiss,async,thrpt,NaN,NaN,---,12,200000,42,,,,
bench.ExtendableHashTableBenchmark.getMiss,primary,thrpt,78.34226055889381,0.860089350310115,ops/us,12,250000,42,,,,
bench.ExtendableHashTableBenchmark.getMiss,async,thrpt,NaN,NaN,---,12,250000,42,,,,
bench.ExtendableHashTableBenchmark.getMiss,primary,thrpt,91.8208005972519,0.9790337141121411,ops/us,12,300000,42,,,,
bench.ExtendableHashTableBenchmark.getMiss,async,thrpt,NaN,NaN,---,12,300000,42,,,,
bench.ExtendableHashTableBenchmark.getMiss,primary,thrpt,75.30192704985436,0.7501184477396121,ops/us,12,350000,42,,,,
bench.ExtendableHashTableBenchmark.getMiss,async,thrpt,NaN,NaN,---,12,350000,42,,,,
bench.ExtendableHashTableBenchmark.getMiss,primary,thrpt,96.95544610848947,1.0925032183900183,ops/us,16,150000,42,,,,
bench.ExtendableHashTableBenchmark.getMiss,async,thrpt,NaN,NaN,---,16,150000,42,,,,
bench.ExtendableHashTableBenchmark.getMiss,primary,thrpt,74.84308748581749,0.7240841982813883,ops/us,16,200000,42,,,,
bench.ExtendableHashTableBenchmark.getMiss,async,thrpt,NaN,NaN,---,16,200000,42,,,,
bench.ExtendableHashTableBenchmark.getMiss,primary,thrpt,69.86082373309092,0.6008678071380433,ops/us,16,250000,42,,,,
bench.ExtendableHashTableBenchmark.getMiss,async,thrpt,NaN,NaN,---,16,250000,42,,,,
bench.ExtendableHashTableBenchmark.getMiss,primary,thrpt,89.89850909123066,1.0865814430829186,ops/us,16,300000,42,,,,
bench.ExtendableHashTableBenchmark.getMiss,async,thrpt,NaN,NaN,---,16,300000,42,,,,
bench.ExtendableHashTableBenchmark.getMiss,primary,thrpt,72.97685081176283,0.8782285163622641,ops/us,16,350000,42,,,,
bench.ExtendableHashTableBenchmark.getMiss,async,thrpt,NaN,NaN,---,16,350000,42,,,,
bench.ExtendableHashTableBenchmark.getMiss,primary,thrpt,67.04620475688274,0.3226539246251565,ops/us,24,150000,42,,,,
bench.ExtendableHashTableBenchmark.getMiss,async,thrpt,NaN,NaN,---,24,150000,42,,,,
bench.ExtendableHashTableBenchmark.getMiss,primary,thrpt,51.25152514560461,0.5522788042266863,ops/us,24,200000,42,,,,
bench.ExtendableHashTableBenchmark.getMiss,async,thrpt,NaN,NaN,---,24,200000,42,,,,
bench.ExtendableHashTableBenchmark.getMiss,primary,thrpt,68.53818146957518,0.5850941753407514,ops/us,24,250000,42,,,,
bench.ExtendableHashTableBenchmark.getMiss,async,thrpt,NaN,NaN,---,24,250000,42,,,,
bench.ExtendableHashTableBenchmark.getMiss,primary,thrpt,61.820592458266894,0.5588231321072435,ops/us,24,300000,42,,,,
bench.ExtendableHashTableBenchmark.getMiss,async,thrpt,NaN,NaN,---,24,300000,42,,,,
bench.ExtendableHashTableBenchmark.getMiss,primary,thrpt,54.349590457888915,0.5564927864652667,ops/us,24,350000,42,,,,
bench.ExtendableHashTableBenchmark.getMiss,async,thrpt,NaN,NaN,---,24,350000,42,,,,
bench.ExtendableHashTableBenchmark.getMiss,primary,avgt,0.010951857819928393,0.0002681453438567502,us/op,8,150000,42,,,,
bench.ExtendableHashTableBenchmark.getMiss,async,avgt,NaN,NaN,---,8,150000,42,,,,
bench.ExtendableHashTableBenchmark.getMiss,primary,avgt,0.00877354948530206,0.00033644121954063994,us/op,8,200000,42,,,,
bench.ExtendableHashTableBenchmark.getMiss,async,avgt,NaN,NaN,---,8,200000,42,,,,
bench.ExtendableHashTableBenchmark.getMiss,primary,avgt,0.012457756444127603,0.0001568814113949201,us/op,8,250000,42,,,,
bench.ExtendableHashTableBenchmark.getMiss,async,avgt,NaN,NaN,---,8,250000,42,,,,
bench.ExtendableHashTableBenchmark.getMiss,primary,avgt,0.012539174863714727,0.0001718516442061495,us/op,8,300000,42,,,,
bench.ExtendableHashTableBenchmark.getMiss,async,avgt,NaN,NaN,---,8,300000,42,,,,
bench.ExtendableHashTableBenchmark.getMiss,primary,avgt,0.010654282204449255,9.784455776885311e-05,us/op,8,350000,42,,,,
bench.ExtendableHashTableBenchmark.getMiss,async,avgt,NaN,NaN,---,8,350000,42,,,,
bench.ExtendableHashTableBenchmark.getMiss,primary,avgt,0.010234833001800225,0.0001093870198185047,us/op,12,150000,42,,,,
bench.ExtendableHashTableBenchmark.getMiss,async,avgt,NaN,NaN,---,12,150000,42,,,,
bench.ExtendableHashTableBenchmark.getMiss,primary,avgt,0.013491923457154366,0.00015052106955451235,us/op,12,200000,42,,,,
bench.ExtendableHashTableBenchmark.getMiss,async,avgt,NaN,NaN,---,12,200000,42,,,,
bench.ExtendableHashTableBenchmark.getMiss,primary,avgt,0.012794226864826114,0.00018243907517915398,us/op,12,250000,42,,,,
bench.ExtendableHashTableBenchmark.getMiss,async,avgt,NaN,NaN,---,12,250000,42,,,,
bench.ExtendableHashTableBenchmark.getMiss,primary,avgt,0.01086021503200827,0.00013642671542681852,us/op,12,300000,42,,,,
bench.ExtendableHashTableBenchmark.getMiss,async,avgt,NaN,NaN,---,12,300000,42,,,,
bench.ExtendableHashTableBenchmark.getMiss,primary,avgt,0.013446997102559588,0.00013787854023092862,us/op,12,350000,42,,,,
bench.ExtendableHashTableBenchmark.getMiss,async,avgt,NaN,NaN,---,12,350000,42,,,,
bench.ExtendableHashTableBenchmark.getMiss,primary,avgt,0.010306126492532416,0.00010457544156436791,us/op,16,150000,42,,,,
bench.ExtendableHashTableBenchmark.getMiss,async,avgt,NaN,NaN,---,16,150000,42,,,,
bench.ExtendableHashTableBenchmark.getMiss,primary,avgt,0.01328214609097766,0.00011634941372453561,us/op,16,200000,42,,,,
bench.ExtendableHashTableBenchmark.getMiss,async,avgt,NaN,NaN,---,16,200000,42,,,,
bench.ExtendableHashTableBenchmark.getMiss,primary,avgt,0.014423613132287015,0.0001522646453340893,us/op,16,250000,42,,,,
bench.ExtendableHashTableBenchmark.getMiss,async,avgt,NaN,NaN,---,16,250000,42,,,,
bench.ExtendableHashTableBenchmark.getMiss,primary,avgt,0.01117301333025837,0.00013603180267366056,us/op,16,300000,42,,,,
bench.ExtendableHashTableBenchmark.getMiss,async,avgt,NaN,NaN,---,16,300000,42,,,,
bench.ExtendableHashTableBenchmark.getMiss,primary,avgt,0.013686221239300649,0.00021248365134283602,us/op,16,350000,42,,,,
bench.ExtendableHashTableBenchmark.getMiss,async,avgt,NaN,NaN,---,16,350000,42,,,,
bench.ExtendableHashTableBenchmark.getMiss,primary,avgt,0.014932135929174728,9.356436858146216e-05,us/op,24,150000,42,,,,
bench.ExtendableHashTableBenchmark.getMiss,async,avgt,NaN,NaN,---,24,150000,42,,,,
bench.ExtendableHashTableBenchmark.getMiss,primary,avgt,0.019495757010136564,0.00018402282611219557,us/op,24,200000,42,,,,
bench.ExtendableHashTableBenchmark.getMiss,async,avgt,NaN,NaN,---,24,200000,42,,,,
bench.ExtendableHashTableBenchmark.getMiss,primary,avgt,0.014656011597115796,0.0001643513467801713,us/op,24,250000,42,,,,
bench.ExtendableHashTableBenchmark.getMiss,async,avgt,NaN,NaN,---,24,250000,42,,,,
bench.ExtendableHashTableBenchmark.getMiss,primary,avgt,0.016339621285607526,0.00011223355245049085,us/op,24,300000,42,,,,
bench.ExtendableHashTableBenchmark.getMiss,async,avgt,NaN,NaN,---,24,300000,42,,,,
bench.ExtendableHashTableBenchmark.getMiss,primary,avgt,0.018682426243309652,0.0002005619201475832,us/op,24,350000,42,,,,
bench.ExtendableHashTableBenchmark.getMiss,async,avgt,NaN,NaN,---,24,350000,42,,,,
bench.ExtendableHashTableBenchmark.putThenRemove,primary,thrpt,39.47810292415808,1.1016284833640422,ops/us,8,80000,42,,,,
bench.ExtendableHashTableBenchmark.putThenRemove,async,thrpt,NaN,NaN,---,8,80000,42,,,,
bench.ExtendableHashTableBenchmark.putThenRemove,primary,thrpt,46.21231138445909,0.8601618007228575,ops/us,8,100000,42,,,,
bench.ExtendableHashTableBenchmark.putThenRemove,async,thrpt,NaN,NaN,---,8,100000,42,,,,
bench.ExtendableHashTableBenchmark.putThenRemove,primary,thrpt,43.833611318187415,1.4140876333933328,ops/us,8,140000,42,,,,
bench.ExtendableHashTableBenchmark.putThenRemove,async,thrpt,NaN,NaN,---,8,140000,42,,,,
bench.ExtendableHashTableBenchmark.putThenRemove,primary,thrpt,33.22578532178091,2.5278777051072296,ops/us,8,170000,42,,,,
bench.ExtendableHashTableBenchmark.putThenRemove,async,thrpt,NaN,NaN,---,8,170000,42,,,,
bench.ExtendableHashTableBenchmark.putThenRemove,primary,thrpt,39.69818331354613,3.1078385555526538,ops/us,8,200000,42,,,,
bench.ExtendableHashTableBenchmark.putThenRemove,async,thrpt,NaN,NaN,---,8,200000,42,,,,
bench.ExtendableHashTableBenchmark.putThenRemove,primary,thrpt,35.140417016858336,3.329090921113828,ops/us,12,80000,42,,,,
bench.ExtendableHashTableBenchmark.putThenRemove,async,thrpt,NaN,NaN,---,12,80000,42,,,,
bench.ExtendableHashTableBenchmark.putThenRemove,primary,thrpt,42.78555912848347,3.237284854720687,ops/us,12,100000,42,,,,
bench.ExtendableHashTableBenchmark.putThenRemove,async,thrpt,NaN,NaN,---,12,100000,42,,,,
bench.ExtendableHashTableBenchmark.putThenRemove,primary,thrpt,31.018398591635062,2.8097447952809134,ops/us,12,140000,42,,,,
bench.ExtendableHashTableBenchmark.putThenRemove,async,thrpt,NaN,NaN,---,12,140000,42,,,,
bench.ExtendableHashTableBenchmark.putThenRemove,primary,thrpt,27.523694179801623,4.898800549782534,ops/us,12,170000,42,,,,
bench.ExtendableHashTableBenchmark.putThenRemove,async,thrpt,NaN,NaN,---,12,170000,42,,,,
bench.ExtendableHashTableBenchmark.putThenRemove,primary,thrpt,39.95605479189275,2.8344357204747745,ops/us,12,200000,42,,,,
bench.ExtendableHashTableBenchmark.putThenRemove,async,thrpt,NaN,NaN,---,12,200000,42,,,,
bench.ExtendableHashTableBenchmark.putThenRemove,primary,thrpt,33.89215934839961,3.021391466133024,ops/us,16,80000,42,,,,
bench.ExtendableHashTableBenchmark.putThenRemove,async,thrpt,NaN,NaN,---,16,80000,42,,,,
bench.ExtendableHashTableBenchmark.putThenRemove,primary,thrpt,30.051106246358007,4.630757548840412,ops/us,16,100000,42,,,,
bench.ExtendableHashTableBenchmark.putThenRemove,async,thrpt,NaN,NaN,---,16,100000,42,,,,
bench.ExtendableHashTableBenchmark.putThenRemove,primary,thrpt,26.965055068103464,3.800619879052109,ops/us,16,140000,42,,,,
bench.ExtendableHashTableBenchmark.putThenRemove,async,thrpt,NaN,NaN,---,16,140000,42,,,,
bench.ExtendableHashTableBenchmark.putThenRemove,primary,thrpt,28.483990921897455,4.224054860642742,ops/us,16,170000,42,,,,
bench.ExtendableHashTableBenchmark.putThenRemove,async,thrpt,NaN,NaN,---,16,170000,42,,,,
bench.ExtendableHashTableBenchmark.putThenRemove,primary,thrpt,29.643680492610454,3.075295281888886,ops/us,16,200000,42,,,,
bench.ExtendableHashTableBenchmark.putThenRemove,async,thrpt,NaN,NaN,---,16,200000,42,,,,
bench.ExtendableHashTableBenchmark.putThenRemove,primary,thrpt,26.37540312124935,2.5743613329854798,ops/us,24,80000,42,,,,
bench.ExtendableHashTableBenchmark.putThenRemove,async,thrpt,NaN,NaN,---,24,80000,42,,,,
bench.ExtendableHashTableBenchmark.putThenRemove,primary,thrpt,29.151008004019136,5.34152448712302,ops/us,24,100000,42,,,,
bench.ExtendableHashTableBenchmark.putThenRemove,async,thrpt,NaN,NaN,---,24,100000,42,,,,
bench.ExtendableHashTableBenchmark.putThenRemove,primary,thrpt,29.2497380226943,0.46953723497945016,ops/us,24,140000,42,,,,
bench.ExtendableHashTableBenchmark.putThenRemove,async,thrpt,NaN,NaN,---,24,140000,42,,,,
bench.ExtendableHashTableBenchmark.putThenRemove,primary,thrpt,27.824707180424067,0.29573554350557024,ops/us,24,170000,42,,,,
bench.ExtendableHashTableBenchmark.putThenRemove,async,thrpt,NaN,NaN,---,24,170000,42,,,,
bench.ExtendableHashTableBenchmark.putThenRemove,primary,thrpt,34.891775707096464,0.8344067597249162,ops/us,24,200000,42,,,,
bench.ExtendableHashTableBenchmark.putThenRemove,async,thrpt,NaN,NaN,---,24,200000,42,,,,
bench.ExtendableHashTableBenchmark.putThenRemove,primary,avgt,0.024527905104429662,0.0008173577035289954,us/op,8,80000,42,,,,
bench.ExtendableHashTableBenchmark.putThenRemove,async,avgt,NaN,NaN,---,8,80000,42,,,,
bench.ExtendableHashTableBenchmark.putThenRemove,primary,avgt,0.02072336461964436,0.00023284896045911308,us/op,8,100000,42,,,,
bench.ExtendableHashTableBenchmark.putThenRemove,async,avgt,NaN,NaN,---,8,100000,42,,,,
bench.ExtendableHashTableBenchmark.putThenRemove,primary,avgt,0.021595815968547646,0.0002485859895040278,us/op,8,140000,42,,,,
bench.ExtendableHashTableBenchmark.putThenRemove,async,avgt,NaN,NaN,---,8,140000,42,,,,
bench.ExtendableHashTableBenchmark.putThenRemove,primary,avgt,0.026781915382802068,0.00036076979534549166,us/op,8,170000,42,,,,
bench.ExtendableHashTableBenchmark.putThenRemove,async,avgt,NaN,NaN,---,8,170000,42,,,,
bench.ExtendableHashTableBenchmark.putThenRemove,primary,avgt,0.021833397861796045,0.00022449440040156365,us/op,8,200000,42,,,,
bench.ExtendableHashTableBenchmark.putThenRemove,async,avgt,NaN,NaN,---,8,200000,42,,,,
bench.ExtendableHashTableBenchmark.putThenRemove,primary,avgt,0.023622422315527514,0.0001908704884752761,us/op,12,80000,42,,,,
bench.ExtendableHashTableBenchmark.putThenRemove,async,avgt,NaN,NaN,---,12,80000,42,,,,
bench.ExtendableHashTableBenchmark.putThenRemove,primary,avgt,0.02099473316445995,0.00020805310454475622,us/op,12,100000,42,,,,
bench.ExtendableHashTableBenchmark.putThenRemove,async,avgt,NaN,NaN,---,12,100000,42,,,,
bench.ExtendableHashTableBenchmark.putThenRemove,primary,avgt,0.027839472918989167,0.00038630272321177117,us/op,12,140000,42,,,,
bench.ExtendableHashTableBenchmark.putThenRemove,async,avgt,NaN,NaN,---,12,140000,42,,,,
bench.ExtendableHashTableBenchmark.putThenRemove,primary,avgt,0.026766160228936003,0.0002669958880983405,us/op,12,170000,42,,,,
bench.ExtendableHashTableBenchmark.putThenRemove,async,avgt,NaN,NaN,---,12,170000,42,,,,
bench.ExtendableHashTableBenchmark.putThenRemove,primary,avgt,0.0223142021968192,0.0003006594452126778,us/op,12,200000,42,,,,
bench.ExtendableHashTableBenchmark.putThenRemove,async,avgt,NaN,NaN,---,12,200000,42,,,,
bench.ExtendableHashTableBenchmark.putThenRemove,primary,avgt,0.0240255404746828,0.00027698589605760907,us/op,16,80000,42,,,,
bench.ExtendableHashTableBenchmark.putThenRemove,async,avgt,NaN,NaN,---,16,80000,42,,,,
bench.ExtendableHashTableBenchmark.putThenRemove,primary,avgt,0.026427296326283434,0.0003791709660109134,us/op,16,100000,42,,,,
bench.ExtendableHashTableBenchmark.putThenRemove,async,avgt,NaN,NaN,---,16,100000,42,,,,
bench.ExtendableHashTableBenchmark.putThenRemove,primary,avgt,0.028541890031891625,0.0003346039284442059,us/op,16,140000,42,,,,
bench.ExtendableHashTableBenchmark.putThenRemove,async,avgt,NaN,NaN,---,16,140000,42,,,,
bench.ExtendableHashTableBenchmark.putThenRemove,primary,avgt,0.02718522097068743,0.00030666122574140805,us/op,16,170000,42,,,,
bench.ExtendableHashTableBenchmark.putThenRemove,async,avgt,NaN,NaN,---,16,170000,42,,,,
bench.ExtendableHashTableBenchmark.putThenRemove,primary,avgt,0.027914785290191382,0.0003315507441313807,us/op,16,200000,42,,,,
bench.ExtendableHashTableBenchmark.putThenRemove,async,avgt,NaN,NaN,---,16,200000,42,,,,
bench.ExtendableHashTableBenchmark.putThenRemove,primary,avgt,0.03327469111903651,0.0001811187262975041,us/op,24,80000,42,,,,
bench.ExtendableHashTableBenchmark.putThenRemove,async,avgt,NaN,NaN,---,24,80000,42,,,,
bench.ExtendableHashTableBenchmark.putThenRemove,primary,avgt,0.02687445085280493,0.00029419344802865497,us/op,24,100000,42,,,,
bench.ExtendableHashTableBenchmark.putThenRemove,async,avgt,NaN,NaN,---,24,100000,42,,,,
bench.ExtendableHashTableBenchmark.putThenRemove,primary,avgt,0.03373824601287193,0.00026996756610935506,us/op,24,140000,42,,,,
bench.ExtendableHashTableBenchmark.putThenRemove,async,avgt,NaN,NaN,---,24,140000,42,,,,
bench.ExtendableHashTableBenchmark.putThenRemove,primary,avgt,0.03582445770425441,0.00025444291267165447,us/op,24,170000,42,,,,
bench.ExtendableHashTableBenchmark.putThenRemove,async,avgt,NaN,NaN,---,24,170000,42,,,,
bench.ExtendableHashTableBenchmark.putThenRemove,primary,avgt,0.028472960572729383,0.0003713668683824345,us/op,24,200000,42,,,,
bench.ExtendableHashTableBenchmark.putThenRemove,async,avgt,NaN,NaN,---,24,200000,42,,,,
bench.ExtendableHashTableBenchmark.removeThenPut,primary,thrpt,42.834966828356876,0.9179448471157066,ops/us,8,80000,42,,,,
bench.ExtendableHashTableBenchmark.removeThenPut,async,thrpt,NaN,NaN,---,8,80000,42,,,,
bench.ExtendableHashTableBenchmark.removeThenPut,primary,thrpt,42.60801693127193,0.8746322454507133,ops/us,8,100000,42,,,,
bench.ExtendableHashTableBenchmark.removeThenPut,async,thrpt,NaN,NaN,---,8,100000,42,,,,
bench.ExtendableHashTableBenchmark.removeThenPut,primary,thrpt,34.58660722147783,0.7275969668724824,ops/us,8,140000,42,,,,
bench.ExtendableHashTableBenchmark.removeThenPut,async,thrpt,NaN,NaN,---,8,140000,42,,,,
bench.ExtendableHashTableBenchmark.removeThenPut,primary,thrpt,38.32320875534413,0.5735634905085627,ops/us,8,170000,42,,,,
bench.ExtendableHashTableBenchmark.removeThenPut,async,thrpt,NaN,NaN,---,8,170000,42,,,,
bench.ExtendableHashTableBenchmark.removeThenPut,primary,thrpt,38.715334377318946,0.6427501684336431,ops/us,8,200000,42,,,,
bench.ExtendableHashTableBenchmark.removeThenPut,async,thrpt,NaN,NaN,---,8,200000,42,,,,
bench.ExtendableHashTableBenchmark.removeThenPut,primary,thrpt,34.70285220061473,0.6116129779462589,ops/us,12,80000,42,,,,
bench.ExtendableHashTableBenchmark.removeThenPut,async,thrpt,NaN,NaN,---,12,80000,42,,,,
bench.ExtendableHashTableBenchmark.removeThenPut,primary,thrpt,31.911588809514424,0.62590700781442,ops/us,12,100000,42,,,,
bench.ExtendableHashTableBenchmark.removeThenPut,async,thrpt,NaN,NaN,---,12,100000,42,,,,
bench.ExtendableHashTableBenchmark.removeThenPut,primary,thrpt,31.19919753175431,0.7747326690093205,ops/us,12,140000,42,,,,
bench.ExtendableHashTableBenchmark.removeThenPut,async,thrpt,NaN,NaN,---,12,140000,42,,,,
bench.ExtendableHashTableBenchmark.removeThenPut,primary,thrpt,31.187039582276654,0.6791293159844363,ops/us,12,170000,42,,,,
bench.ExtendableHashTableBenchmark.removeThenPut,async,thrpt,NaN,NaN,---,12,170000,42,,,,
bench.ExtendableHashTableBenchmark.removeThenPut,primary,thrpt,30.84842095805701,0.5157609299459552,ops/us,12,200000,42,,,,
bench.ExtendableHashTableBenchmark.removeThenPut,async,thrpt,NaN,NaN,---,12,200000,42,,,,
bench.ExtendableHashTableBenchmark.removeThenPut,primary,thrpt,34.58689491105971,0.8102729657973516,ops/us,16,80000,42,,,,
bench.ExtendableHashTableBenchmark.removeThenPut,async,thrpt,NaN,NaN,---,16,80000,42,,,,
bench.ExtendableHashTableBenchmark.removeThenPut,primary,thrpt,30.63060755080528,0.7559603186776976,ops/us,16,100000,42,,,,
bench.ExtendableHashTableBenchmark.removeThenPut,async,thrpt,NaN,NaN,---,16,100000,42,,,,
bench.ExtendableHashTableBenchmark.removeThenPut,primary,thrpt,28.63536911237743,0.5907358510154911,ops/us,16,140000,42,,,,
bench.ExtendableHashTableBenchmark.removeThenPut,async,thrpt,NaN,NaN,---,16,140000,42,,,,
bench.ExtendableHashTableBenchmark.removeThenPut,primary,thrpt,30.971629132360736,0.6620587044654873,ops/us,16,170000,42,,,,
bench.ExtendableHashTableBenchmark.removeThenPut,async,thrpt,NaN,NaN,---,16,170000,42,,,,
bench.ExtendableHashTableBenchmark.removeThenPut,primary,thrpt,28.85325478743818,0.5783087907804005,ops/us,16,200000,42,,,,
bench.ExtendableHashTableBenchmark.removeThenPut,async,thrpt,NaN,NaN,---,16,200000,42,,,,
bench.ExtendableHashTableBenchmark.removeThenPut,primary,thrpt,26.39344203490121,0.32191574361754255,ops/us,24,80000,42,,,,
bench.ExtendableHashTableBenchmark.removeThenPut,async,thrpt,NaN,NaN,---,24,80000,42,,,,
bench.ExtendableHashTableBenchmark.removeThenPut,primary,thrpt,26.450726508305227,0.44606290068724186,ops/us,24,100000,42,,,,
bench.ExtendableHashTableBenchmark.removeThenPut,async,thrpt,NaN,NaN,---,24,100000,42,,,,
bench.ExtendableHashTableBenchmark.removeThenPut,primary,thrpt,25.848468327822715,0.39439443718248246,ops/us,24,140000,42,,,,
bench.ExtendableHashTableBenchmark.removeThenPut,async,thrpt,NaN,NaN,---,24,140000,42,,,,
bench.ExtendableHashTableBenchmark.removeThenPut,primary,thrpt,24.188842202918163,0.42822858979253503,ops/us,24,170000,42,,,,
bench.ExtendableHashTableBenchmark.removeThenPut,async,thrpt,NaN,NaN,---,24,170000,42,,,,
bench.ExtendableHashTableBenchmark.removeThenPut,primary,thrpt,25.315257910417788,0.43420463416329413,ops/us,24,200000,42,,,,
bench.ExtendableHashTableBenchmark.removeThenPut,async,thrpt,NaN,NaN,---,24,200000,42,,,,
bench.ExtendableHashTableBenchmark.removeThenPut,primary,avgt,0.024094526339242733,0.0008113848631182826,us/op,8,80000,42,,,,
bench.ExtendableHashTableBenchmark.removeThenPut,async,avgt,NaN,NaN,---,8,80000,42,,,,
bench.ExtendableHashTableBenchmark.removeThenPut,primary,avgt,0.023709514317289317,0.000456773597024135,us/op,8,100000,42,,,,
bench.ExtendableHashTableBenchmark.removeThenPut,async,avgt,NaN,NaN,---,8,100000,42,,,,
bench.ExtendableHashTableBenchmark.removeThenPut,primary,avgt,0.02978729606579349,0.0006958290109152889,us/op,8,140000,42,,,,
bench.ExtendableHashTableBenchmark.removeThenPut,async,avgt,NaN,NaN,---,8,140000,42,,,,
bench.ExtendableHashTableBenchmark.removeThenPut,primary,avgt,0.026361298536690045,0.0004965676550360009,us/op,8,170000,42,,,,
bench.ExtendableHashTableBenchmark.removeThenPut,async,avgt,NaN,NaN,---,8,170000,42,,,,
bench.ExtendableHashTableBenchmark.removeThenPut,primary,avgt,0.02548888072598011,0.0005090479609934031,us/op,8,200000,42,,,,
bench.ExtendableHashTableBenchmark.removeThenPut,async,avgt,NaN,NaN,---,8,200000,42,,,,
bench.ExtendableHashTableBenchmark.removeThenPut,primary,avgt,0.028468629332500033,0.0005920754221338107,us/op,12,80000,42,,,,
bench.ExtendableHashTableBenchmark.removeThenPut,async,avgt,NaN,NaN,---,12,80000,42,,,,
bench.ExtendableHashTableBenchmark.removeThenPut,primary,avgt,0.03099001895657909,0.0006149980364094831,us/op,12,100000,42,,,,
bench.ExtendableHashTableBenchmark.removeThenPut,async,avgt,NaN,NaN,---,12,100000,42,,,,
bench.ExtendableHashTableBenchmark.removeThenPut,primary,avgt,0.031774493137006636,0.0008466758284603509,us/op,12,140000,42,,,,
bench.ExtendableHashTableBenchmark.removeThenPut,async,avgt,NaN,NaN,---,12,140000,42,,,,
bench.ExtendableHashTableBenchmark.removeThenPut,primary,avgt,0.03209508951852606,0.000644010228568319,us/op,12,170000,42,,,,
bench.ExtendableHashTableBenchmark.removeThenPut,async,avgt,NaN,NaN,---,12,170000,42,,,,
bench.ExtendableHashTableBenchmark.removeThenPut,primary,avgt,0.033298807423745365,0.0006170489939468999,us/op,12,200000,42,,,,
bench.ExtendableHashTableBenchmark.removeThenPut,async,avgt,NaN,NaN,---,12,200000,42,,,,
bench.ExtendableHashTableBenchmark.removeThenPut,primary,avgt,0.028468324487506885,0.0006503129417928649,us/op,16,80000,42,,,,
bench.ExtendableHashTableBenchmark.removeThenPut,async,avgt,NaN,NaN,---,16,80000,42,,,,
bench.ExtendableHashTableBenchmark.removeThenPut,primary,avgt,0.03257702755841651,0.0006154033859490183,us/op,16,100000,42,,,,
bench.ExtendableHashTableBenchmark.removeThenPut,async,avgt,NaN,NaN,---,16,100000,42,,,,
bench.ExtendableHashTableBenchmark.removeThenPut,primary,avgt,0.03510956295588811,0.0005443049976585347,us/op,16,140000,42,,,,
bench.ExtendableHashTableBenchmark.removeThenPut,async,avgt,NaN,NaN,---,16,140000,42,,,,
bench.ExtendableHashTableBenchmark.removeThenPut,primary,avgt,0.03295777675666915,0.0007231721920425201,us/op,16,170000,42,,,,
bench.ExtendableHashTableBenchmark.removeThenPut,async,avgt,NaN,NaN,---,16,170000,42,,,,
bench.ExtendableHashTableBenchmark.removeThenPut,primary,avgt,0.033924806969242015,0.0006965362527518371,us/op,16,200000,42,,,,
bench.ExtendableHashTableBenchmark.removeThenPut,async,avgt,NaN,NaN,---,16,200000,42,,,,
bench.ExtendableHashTableBenchmark.removeThenPut,primary,avgt,0.03819663231510329,0.0006152860257433411,us/op,24,80000,42,,,,
bench.ExtendableHashTableBenchmark.removeThenPut,async,avgt,NaN,NaN,---,24,80000,42,,,,
bench.ExtendableHashTableBenchmark.removeThenPut,primary,avgt,0.0374686659789023,0.0005752921555089992,us/op,24,100000,42,,,,
bench.ExtendableHashTableBenchmark.removeThenPut,async,avgt,NaN,NaN,---,24,100000,42,,,,
bench.ExtendableHashTableBenchmark.removeThenPut,primary,avgt,0.038932360133003094,0.00044755055294488927,us/op,24,140000,42,,,,
bench.ExtendableHashTableBenchmark.removeThenPut,async,avgt,NaN,NaN,---,24,140000,42,,,,
bench.ExtendableHashTableBenchmark.removeThenPut,primary,avgt,0.041312754811686524,0.0004135377101803641,us/op,24,170000,42,,,,
bench.ExtendableHashTableBenchmark.removeThenPut,async,avgt,NaN,NaN,---,24,170000,42,,,,
bench.ExtendableHashTableBenchmark.removeThenPut,primary,avgt,0.03919483586186468,0.0004536736416829714,us/op,24,200000,42,,,,
bench.ExtendableHashTableBenchmark.removeThenPut,async,avgt,NaN,NaN,---,24,200000,42,,,,
bench.ExtendableHashTableBenchmark.updateExisting,primary,thrpt,45.282822827487166,0.7102964205582193,ops/us,8,80000,42,,,,
bench.ExtendableHashTableBenchmark.updateExisting,async,thrpt,NaN,NaN,---,8,80000,42,,,,
bench.ExtendableHashTableBenchmark.updateExisting,primary,thrpt,48.406931852767165,0.9774622892974456,ops/us,8,100000,42,,,,
bench.ExtendableHashTableBenchmark.updateExisting,async,thrpt,NaN,NaN,---,8,100000,42,,,,
bench.ExtendableHashTableBenchmark.updateExisting,primary,thrpt,37.03533664821318,0.4962580155282848,ops/us,8,140000,42,,,,
bench.ExtendableHashTableBenchmark.updateExisting,async,thrpt,NaN,NaN,---,8,140000,42,,,,
bench.ExtendableHashTableBenchmark.updateExisting,primary,thrpt,42.727787492915354,0.550643249118338,ops/us,8,170000,42,,,,
bench.ExtendableHashTableBenchmark.updateExisting,async,thrpt,NaN,NaN,---,8,170000,42,,,,
bench.ExtendableHashTableBenchmark.updateExisting,primary,thrpt,41.047921337633916,0.3942012350047415,ops/us,8,200000,42,,,,
bench.ExtendableHashTableBenchmark.updateExisting,async,thrpt,NaN,NaN,---,8,200000,42,,,,
bench.ExtendableHashTableBenchmark.updateExisting,primary,thrpt,42.164833681745144,0.8929765847069874,ops/us,12,80000,42,,,,
bench.ExtendableHashTableBenchmark.updateExisting,async,thrpt,NaN,NaN,---,12,80000,42,,,,
bench.ExtendableHashTableBenchmark.updateExisting,primary,thrpt,37.231159115285585,0.39498369724240734,ops/us,12,100000,42,,,,
bench.ExtendableHashTableBenchmark.updateExisting,async,thrpt,NaN,NaN,---,12,100000,42,,,,
bench.ExtendableHashTableBenchmark.updateExisting,primary,thrpt,34.294372977646965,0.7498524157911254,ops/us,12,140000,42,,,,
bench.ExtendableHashTableBenchmark.updateExisting,async,thrpt,NaN,NaN,---,12,140000,42,,,,
bench.ExtendableHashTableBenchmark.updateExisting,primary,thrpt,34.572670704071285,0.31696793648360816,ops/us,12,170000,42,,,,
bench.ExtendableHashTableBenchmark.updateExisting,async,thrpt,NaN,NaN,---,12,170000,42,,,,
bench.ExtendableHashTableBenchmark.updateExisting,primary,thrpt,33.00455504325653,0.375088046160594,ops/us,12,200000,42,,,,
bench.ExtendableHashTableBenchmark.updateExisting,async,thrpt,NaN,NaN,---,12,200000,42,,,,
bench.ExtendableHashTableBenchmark.updateExisting,primary,thrpt,43.34642720401387,0.5881485248341107,ops/us,16,80000,42,,,,
bench.ExtendableHashTableBenchmark.updateExisting,async,thrpt,NaN,NaN,---,16,80000,42,,,,
bench.ExtendableHashTableBenchmark.updateExisting,primary,thrpt,35.04614355377567,0.39551864676193077,ops/us,16,100000,42,,,,
bench.ExtendableHashTableBenchmark.updateExisting,async,thrpt,NaN,NaN,---,16,100000,42,,,,
bench.ExtendableHashTableBenchmark.updateExisting,primary,thrpt,32.298724970556485,0.312842141477182,ops/us,16,140000,42,,,,
bench.ExtendableHashTableBenchmark.updateExisting,async,thrpt,NaN,NaN,---,16,140000,42,,,,
bench.ExtendableHashTableBenchmark.updateExisting,primary,thrpt,34.06353327831001,0.3206055970829565,ops/us,16,170000,42,,,,
bench.ExtendableHashTableBenchmark.updateExisting,async,thrpt,NaN,NaN,---,16,170000,42,,,,
bench.ExtendableHashTableBenchmark.updateExisting,primary,thrpt,32.17599456032037,0.21466744763300602,ops/us,16,200000,42,,,,
bench.ExtendableHashTableBenchmark.updateExisting,async,thrpt,NaN,NaN,---,16,200000,42,,,,
bench.ExtendableHashTableBenchmark.updateExisting,primary,thrpt,32.25645256540617,0.4162937994510035,ops/us,24,80000,42,,,,
bench.ExtendableHashTableBenchmark.updateExisting,async,thrpt,NaN,NaN,---,24,80000,42,,,,
bench.ExtendableHashTableBenchmark.updateExisting,primary,thrpt,30.236164285440832,0.49177469873218405,ops/us,24,100000,42,,,,
bench.ExtendableHashTableBenchmark.updateExisting,async,thrpt,NaN,NaN,---,24,100000,42,,,,
bench.ExtendableHashTableBenchmark.updateExisting,primary,thrpt,30.69755990622744,0.28527209332584536,ops/us,24,140000,42,,,,
bench.ExtendableHashTableBenchmark.updateExisting,async,thrpt,NaN,NaN,---,24,140000,42,,,,
bench.ExtendableHashTableBenchmark.updateExisting,primary,thrpt,28.633999686252626,0.17664806143679201,ops/us,24,170000,42,,,,
bench.ExtendableHashTableBenchmark.updateExisting,async,thrpt,NaN,NaN,---,24,170000,42,,,,
bench.ExtendableHashTableBenchmark.updateExisting,primary,thrpt,28.005844381384488,0.2460018839320704,ops/us,24,200000,42,,,,
bench.ExtendableHashTableBenchmark.updateExisting,async,thrpt,NaN,NaN,---,24,200000,42,,,,
bench.ExtendableHashTableBenchmark.updateExisting,primary,avgt,0.02186643767423088,0.0002493073057897798,us/op,8,80000,42,,,,
bench.ExtendableHashTableBenchmark.updateExisting,async,avgt,NaN,NaN,---,8,80000,42,,,,
bench.ExtendableHashTableBenchmark.updateExisting,primary,avgt,0.020610887270164354,0.00034678855445042004,us/op,8,100000,42,,,,
bench.ExtendableHashTableBenchmark.updateExisting,async,avgt,NaN,NaN,---,8,100000,42,,,,
bench.ExtendableHashTableBenchmark.updateExisting,primary,avgt,0.027204874146147636,0.000338272912247376,us/op,8,140000,42,,,,
bench.ExtendableHashTableBenchmark.updateExisting,async,avgt,NaN,NaN,---,8,140000,42,,,,
bench.ExtendableHashTableBenchmark.updateExisting,primary,avgt,0.023636514163723893,0.0005782033775413575,us/op,8,170000,42,,,,
bench.ExtendableHashTableBenchmark.updateExisting,async,avgt,NaN,NaN,---,8,170000,42,,,,
bench.ExtendableHashTableBenchmark.updateExisting,primary,avgt,0.0254671433058439,0.0004396142339123637,us/op,8,200000,42,,,,
bench.ExtendableHashTableBenchmark.updateExisting,async,avgt,NaN,NaN,---,8,200000,42,,,,
bench.ExtendableHashTableBenchmark.updateExisting,primary,avgt,0.023182244371845077,0.0005464269915221087,us/op,12,80000,42,,,,
bench.ExtendableHashTableBenchmark.updateExisting,async,avgt,NaN,NaN,---,12,80000,42,,,,
bench.ExtendableHashTableBenchmark.updateExisting,primary,avgt,0.026871581545228385,0.00033698635791167594,us/op,12,100000,42,,,,
bench.ExtendableHashTableBenchmark.updateExisting,async,avgt,NaN,NaN,---,12,100000,42,,,,
bench.ExtendableHashTableBenchmark.updateExisting,primary,avgt,0.0300588446521077,0.0002650544793725855,us/op,12,140000,42,,,,
bench.ExtendableHashTableBenchmark.updateExisting,async,avgt,NaN,NaN,---,12,140000,42,,,,
bench.ExtendableHashTableBenchmark.updateExisting,primary,avgt,0.028805221043844514,0.0002355311237139956,us/op,12,170000,42,,,,
bench.ExtendableHashTableBenchmark.updateExisting,async,avgt,NaN,NaN,---,12,170000,42,,,,
bench.ExtendableHashTableBenchmark.updateExisting,primary,avgt,0.030382372358028483,0.0003285867768444938,us/op,12,200000,42,,,,
bench.ExtendableHashTableBenchmark.updateExisting,async,avgt,NaN,NaN,---,12,200000,42,,,,
bench.ExtendableHashTableBenchmark.updateExisting,primary,avgt,0.022952110937722786,0.00046949765013252847,us/op,16,80000,42,,,,
bench.ExtendableHashTableBenchmark.updateExisting,async,avgt,NaN,NaN,---,16,80000,42,,,,
bench.ExtendableHashTableBenchmark.updateExisting,primary,avgt,0.027997378001121575,0.0004206886775241602,us/op,16,100000,42,,,,
bench.ExtendableHashTableBenchmark.updateExisting,async,avgt,NaN,NaN,---,16,100000,42,,,,
bench.ExtendableHashTableBenchmark.updateExisting,primary,avgt,0.03114943759991297,0.00033860660240872314,us/op,16,140000,42,,,,
bench.ExtendableHashTableBenchmark.updateExisting,async,avgt,NaN,NaN,---,16,140000,42,,,,
bench.ExtendableHashTableBenchmark.updateExisting,primary,avgt,0.02852111476569195,0.0004064847321125205,us/op,16,170000,42,,,,
bench.ExtendableHashTableBenchmark.updateExisting,async,avgt,NaN,NaN,---,16,170000,42,,,,
bench.ExtendableHashTableBenchmark.updateExisting,primary,avgt,0.031286600187862244,0.0003323795849033895,us/op,16,200000,42,,,,
bench.ExtendableHashTableBenchmark.updateExisting,async,avgt,NaN,NaN,---,16,200000,42,,,,
bench.ExtendableHashTableBenchmark.updateExisting,primary,avgt,0.03083033015069965,0.00038596924971226893,us/op,24,80000,42,,,,
bench.ExtendableHashTableBenchmark.updateExisting,async,avgt,NaN,NaN,---,24,80000,42,,,,
bench.ExtendableHashTableBenchmark.updateExisting,primary,avgt,0.03305489054987215,0.00036360463585308135,us/op,24,100000,42,,,,
bench.ExtendableHashTableBenchmark.updateExisting,async,avgt,NaN,NaN,---,24,100000,42,,,,
bench.ExtendableHashTableBenchmark.updateExisting,primary,avgt,0.03273748626676663,0.00026614656323097877,us/op,24,140000,42,,,,
bench.ExtendableHashTableBenchmark.updateExisting,async,avgt,NaN,NaN,---,24,140000,42,,,,
bench.ExtendableHashTableBenchmark.updateExisting,primary,avgt,0.0349615860834394,0.00025106134400213094,us/op,24,170000,42,,,,
bench.ExtendableHashTableBenchmark.updateExisting,async,avgt,NaN,NaN,---,24,170000,42,,,,
bench.ExtendableHashTableBenchmark.updateExisting,primary,avgt,0.03565970033380227,0.0002593283431769086,us/op,24,200000,42,,,,
bench.ExtendableHashTableBenchmark.updateExisting,async,avgt,NaN,NaN,---,24,200000,42,,,,
bench.LshBenchmark.addDocument,primary,thrpt,29.361221973807805,0.413975153961939,ops/ms,,,42,20000,16,,
bench.LshBenchmark.addDocument,async,thrpt,NaN,NaN,---,,,42,20000,16,,
bench.LshBenchmark.addDocument,primary,thrpt,29.905478693210615,0.44070839175613924,ops/ms,,,42,30000,16,,
bench.LshBenchmark.addDocument,async,thrpt,NaN,NaN,---,,,42,30000,16,,
bench.LshBenchmark.addDocument,primary,thrpt,29.85574516115446,0.4631809131016047,ops/ms,,,42,45000,16,,
bench.LshBenchmark.addDocument,async,thrpt,NaN,NaN,---,,,42,45000,16,,
bench.LshBenchmark.addDocument,primary,thrpt,29.509547318544623,0.4778030791802103,ops/ms,,,42,60000,16,,
bench.LshBenchmark.addDocument,async,thrpt,NaN,NaN,---,,,42,60000,16,,
bench.LshBenchmark.addDocument,primary,avgt,0.033956319932901866,0.0006158331813721473,ms/op,,,42,20000,16,,
bench.LshBenchmark.addDocument,async,avgt,NaN,NaN,---,,,42,20000,16,,
bench.LshBenchmark.addDocument,primary,avgt,0.033908224572759195,0.00041126313913742303,ms/op,,,42,30000,16,,
bench.LshBenchmark.addDocument,async,avgt,NaN,NaN,---,,,42,30000,16,,
bench.LshBenchmark.addDocument,primary,avgt,0.033849511147990334,0.000415969526637294,ms/op,,,42,45000,16,,
bench.LshBenchmark.addDocument,async,avgt,NaN,NaN,---,,,42,45000,16,,
bench.LshBenchmark.addDocument,primary,avgt,0.033871837057063356,0.0004442819242302997,ms/op,,,42,60000,16,,
bench.LshBenchmark.addDocument,async,avgt,NaN,NaN,---,,,42,60000,16,,
bench.LshBenchmark.buildIndex,primary,thrpt,0.0016473973960889473,1.196542429609231e-05,ops/ms,,,42,,16,20000,
bench.LshBenchmark.buildIndex,async,thrpt,NaN,NaN,---,,,42,,16,20000,
bench.LshBenchmark.buildIndex,primary,thrpt,0.0010892546389450562,1.0826850738656265e-05,ops/ms,,,42,,16,30000,
bench.LshBenchmark.buildIndex,async,thrpt,NaN,NaN,---,,,42,,16,30000,
bench.LshBenchmark.buildIndex,primary,thrpt,0.0007150793834601408,1.2046358585621025e-05,ops/ms,,,42,,16,45000,
bench.LshBenchmark.buildIndex,async,thrpt,NaN,NaN,---,,,42,,16,45000,
bench.LshBenchmark.buildIndex,primary,thrpt,0.000521828906707699,8.213354231313786e-06,ops/ms,,,42,,16,60000,
bench.LshBenchmark.buildIndex,async,thrpt,NaN,NaN,---,,,42,,16,60000,
bench.LshBenchmark.buildIndex,primary,avgt,603.9111644895835,2.2408481072696795,ms/op,,,42,,16,20000,
bench.LshBenchmark.buildIndex,async,avgt,NaN,NaN,---,,,42,,16,20000,
bench.LshBenchmark.buildIndex,primary,avgt,921.1484137361113,6.928496284083958,ms/op,,,42,,16,30000,
bench.LshBenchmark.buildIndex,async,avgt,NaN,NaN,---,,,42,,16,30000,
bench.LshBenchmark.buildIndex,primary,avgt,1388.7939817500003,10.586246385497967,ms/op,,,42,,16,45000,
bench.LshBenchmark.buildIndex,async,avgt,NaN,NaN,---,,,42,,16,45000,
bench.LshBenchmark.buildIndex,primary,avgt,1865.4580823958331,12.257737851194106,ms/op,,,42,,16,60000,
bench.LshBenchmark.buildIndex,async,avgt,NaN,NaN,---,,,42,,16,60000,
bench.LshBenchmark.candidatesQuery,primary,thrpt,28.7188963181509,0.02482423778412394,ops/ms,,,42,,16,20000,
bench.LshBenchmark.candidatesQuery,async,thrpt,NaN,NaN,---,,,42,,16,20000,
bench.LshBenchmark.candidatesQuery,primary,thrpt,28.48808737297323,0.1508557266715719,ops/ms,,,42,,16,30000,
bench.LshBenchmark.candidatesQuery,async,thrpt,NaN,NaN,---,,,42,,16,30000,
bench.LshBenchmark.candidatesQuery,primary,thrpt,27.6461884501044,0.11891620699292803,ops/ms,,,42,,16,45000,
bench.LshBenchmark.candidatesQuery,async,thrpt,NaN,NaN,---,,,42,,16,45000,
bench.LshBenchmark.candidatesQuery,primary,thrpt,29.036988344712274,0.3425308028332866,ops/ms,,,42,,16,60000,
bench.LshBenchmark.candidatesQuery,async,thrpt,NaN,NaN,---,,,42,,16,60000,
bench.LshBenchmark.candidatesQuery,primary,avgt,0.03352761080603552,3.747846385077883e-05,ms/op,,,42,,16,20000,
bench.LshBenchmark.candidatesQuery,async,avgt,NaN,NaN,---,,,42,,16,20000,
bench.LshBenchmark.candidatesQuery,primary,avgt,0.0345670095755474,0.00021388273472845425,ms/op,,,42,,16,30000,
bench.LshBenchmark.candidatesQuery,async,avgt,NaN,NaN,---,,,42,,16,30000,
bench.LshBenchmark.candidatesQuery,primary,avgt,0.03650428862953253,7.918806774929287e-05,ms/op,,,42,,16,45000,
bench.LshBenchmark.candidatesQuery,async,avgt,NaN,NaN,---,,,42,,16,45000,
bench.LshBenchmark.candidatesQuery,primary,avgt,0.03399012284919956,4.259669963197547e-05,ms/op,,,42,,16,60000,
bench.LshBenchmark.candidatesQuery,async,avgt,NaN,NaN,---,,,42,,16,60000,
bench.LshBenchmark.nearDuplicatesFullScan,primary,thrpt,0.0012082978302933997,5.3762592022472274e-06,ops/ms,,,42,,16,1500,0.9
bench.LshBenchmark.nearDuplicatesFullScan,async,thrpt,NaN,NaN,---,,,42,,16,1500,0.9
bench.LshBenchmark.nearDuplicatesFullScan,primary,thrpt,0.0006737356695423321,4.223879053212868e-06,ops/ms,,,42,,16,2000,0.9
bench.LshBenchmark.nearDuplicatesFullScan,async,thrpt,NaN,NaN,---,,,42,,16,2000,0.9
bench.LshBenchmark.nearDuplicatesFullScan,primary,thrpt,0.00043222921617061565,2.2263052900038808e-06,ops/ms,,,42,,16,2500,0.9
bench.LshBenchmark.nearDuplicatesFullScan,async,thrpt,NaN,NaN,---,,,42,,16,2500,0.9
bench.LshBenchmark.nearDuplicatesFullScan,primary,thrpt,0.00029505573895551154,1.925249162245519e-06,ops/ms,,,42,,16,3000,0.9
bench.LshBenchmark.nearDuplicatesFullScan,async,thrpt,NaN,NaN,---,,,42,,16,3000,0.9
bench.LshBenchmark.nearDuplicatesFullScan,primary,avgt,829.6574722083333,6.64050886417703,ms/op,,,42,,16,1500,0.9
bench.LshBenchmark.nearDuplicatesFullScan,async,avgt,NaN,NaN,---,,,42,,16,1500,0.9
bench.LshBenchmark.nearDuplicatesFullScan,primary,avgt,1472.302194416667,8.680678876591546,ms/op,,,42,,16,2000,0.9
bench.LshBenchmark.nearDuplicatesFullScan,async,avgt,NaN,NaN,---,,,42,,16,2000,0.9
bench.LshBenchmark.nearDuplicatesFullScan,primary,avgt,2327.187519125,9.810472970027288,ms/op,,,42,,16,2500,0.9
bench.LshBenchmark.nearDuplicatesFullScan,async,avgt,NaN,NaN,---,,,42,,16,2500,0.9
bench.LshBenchmark.nearDuplicatesFullScan,primary,avgt,3382.2316040416667,10.124209782186426,ms/op,,,42,,16,3000,0.9
bench.LshBenchmark.nearDuplicatesFullScan,async,avgt,NaN,NaN,---,,,42,,16,3000,0.9
bench.LshBenchmark.nearDuplicatesLsh,primary,thrpt,0.05689585272319636,0.000582291795730467,ops/ms,,,42,,16,6000,0.9
bench.LshBenchmark.nearDuplicatesLsh,async,thrpt,NaN,NaN,---,,,42,,16,6000,0.9
bench.LshBenchmark.nearDuplicatesLsh,primary,thrpt,0.03203562595956198,0.00036682326103979173,ops/ms,,,42,,16,8000,0.9
bench.LshBenchmark.nearDuplicatesLsh,async,thrpt,NaN,NaN,---,,,42,,16,8000,0.9
bench.LshBenchmark.nearDuplicatesLsh,primary,thrpt,0.02108040060811781,0.00018194379798943885,ops/ms,,,42,,16,10000,0.9
bench.LshBenchmark.nearDuplicatesLsh,async,thrpt,NaN,NaN,---,,,42,,16,10000,0.9
bench.LshBenchmark.nearDuplicatesLsh,primary,thrpt,0.013493477296742032,0.00010911436650586869,ops/ms,,,42,,16,12000,0.9
bench.LshBenchmark.nearDuplicatesLsh,async,thrpt,NaN,NaN,---,,,42,,16,12000,0.9
bench.LshBenchmark.nearDuplicatesLsh,primary,avgt,17.62303061768316,0.11272079927835887,ms/op,,,42,,16,6000,0.9
bench.LshBenchmark.nearDuplicatesLsh,async,avgt,NaN,NaN,---,,,42,,16,6000,0.9
bench.LshBenchmark.nearDuplicatesLsh,primary,avgt,30.951466454557607,0.31419449431687024,ms/op,,,42,,16,8000,0.9
bench.LshBenchmark.nearDuplicatesLsh,async,avgt,NaN,NaN,---,,,42,,16,8000,0.9
bench.LshBenchmark.nearDuplicatesLsh,primary,avgt,47.11312230444499,0.38005535802216783,ms/op,,,42,,16,10000,0.9
bench.LshBenchmark.nearDuplicatesLsh,async,avgt,NaN,NaN,---,,,42,,16,10000,0.9
bench.LshBenchmark.nearDuplicatesLsh,primary,avgt,75.2974903339396,2.0745783124024397,ms/op,,,42,,16,12000,0.9
bench.LshBenchmark.nearDuplicatesLsh,async,avgt,NaN,NaN,---,,,42,,16,12000,0.9
bench.PerfectHashingBenchmark.buildIndex,primary,thrpt,0.00014072252572925044,6.804687700248823e-07,ops/us,,200000,42,,,,
bench.PerfectHashingBenchmark.buildIndex,async,thrpt,NaN,NaN,---,,200000,42,,,,
bench.PerfectHashingBenchmark.buildIndex,expansionPermille,thrpt,11320597.0,NaN,#,,200000,42,,,,
bench.PerfectHashingBenchmark.buildIndex,primaryCollisions,thrpt,452715224.0,NaN,#,,200000,42,,,,
bench.PerfectHashingBenchmark.buildIndex,secondaryTableSize,thrpt,2263630448.0,NaN,#,,200000,42,,,,
bench.PerfectHashingBenchmark.buildIndex,primary,thrpt,3.297211810340186e-05,1.339678195805983e-06,ops/us,,400000,42,,,,
bench.PerfectHashingBenchmark.buildIndex,async,thrpt,NaN,NaN,---,,400000,42,,,,
bench.PerfectHashingBenchmark.buildIndex,expansionPermille,thrpt,1876976.0,NaN,#,,400000,42,,,,
bench.PerfectHashingBenchmark.buildIndex,primaryCollisions,thrpt,54064301.0,NaN,#,,400000,42,,,,
bench.PerfectHashingBenchmark.buildIndex,secondaryTableSize,thrpt,750928602.0,NaN,#,,400000,42,,,,
bench.PerfectHashingBenchmark.buildIndex,primary,thrpt,2.0277044734906486e-05,8.892824573352569e-07,ops/us,,600000,42,,,,
bench.PerfectHashingBenchmark.buildIndex,async,thrpt,NaN,NaN,---,,600000,42,,,,
bench.PerfectHashingBenchmark.buildIndex,expansionPermille,thrpt,1693344.0,NaN,#,,600000,42,,,,
bench.PerfectHashingBenchmark.buildIndex,primaryCollisions,thrpt,210351616.0,NaN,#,,600000,42,,,,
bench.PerfectHashingBenchmark.buildIndex,secondaryTableSize,thrpt,1015903232.0,NaN,#,,600000,42,,,,
bench.PerfectHashingBenchmark.buildIndex,primary,thrpt,1.5413444645821854e-05,5.15210531184548e-07,ops/us,,800000,42,,,,
bench.PerfectHashingBenchmark.buildIndex,async,thrpt,NaN,NaN,---,,800000,42,,,,
bench.PerfectHashingBenchmark.buildIndex,expansionPermille,thrpt,1086514.0,NaN,#,,800000,42,,,,
bench.PerfectHashingBenchmark.buildIndex,primaryCollisions,thrpt,132929446.0,NaN,#,,800000,42,,,,
bench.PerfectHashingBenchmark.buildIndex,secondaryTableSize,thrpt,869058892.0,NaN,#,,800000,42,,,,
bench.PerfectHashingBenchmark.buildIndex,primary,avgt,7528.056418721651,72.72797930307685,us/op,,200000,42,,,,
bench.PerfectHashingBenchmark.buildIndex,async,avgt,NaN,NaN,---,,200000,42,,,,
bench.PerfectHashingBenchmark.buildIndex,expansionPermille,avgt,10685470.0,NaN,#,,200000,42,,,,
bench.PerfectHashingBenchmark.buildIndex,primaryCollisions,avgt,427316240.0,NaN,#,,200000,42,,,,
bench.PerfectHashingBenchmark.buildIndex,secondaryTableSize,avgt,2136632480.0,NaN,#,,200000,42,,,,
bench.PerfectHashingBenchmark.buildIndex,primary,avgt,30563.933879558313,802.4435035026504,us/op,,400000,42,,,,
bench.PerfectHashingBenchmark.buildIndex,async,avgt,NaN,NaN,---,,400000,42,,,,
bench.PerfectHashingBenchmark.buildIndex,expansionPermille,avgt,1860624.0,NaN,#,,400000,42,,,,
bench.PerfectHashingBenchmark.buildIndex,primaryCollisions,avgt,53593299.0,NaN,#,,400000,42,,,,
bench.PerfectHashingBenchmark.buildIndex,secondaryTableSize,avgt,744386598.0,NaN,#,,400000,42,,,,
bench.PerfectHashingBenchmark.buildIndex,primary,avgt,49239.75658723122,2044.7318155019839,us/op,,600000,42,,,,
bench.PerfectHashingBenchmark.buildIndex,async,avgt,NaN,NaN,---,,600000,42,,,,
bench.PerfectHashingBenchmark.buildIndex,expansionPermille,avgt,1698465.0,NaN,#,,600000,42,,,,
bench.PerfectHashingBenchmark.buildIndex,primaryCollisions,avgt,210987760.0,NaN,#,,600000,42,,,,
bench.PerfectHashingBenchmark.buildIndex,secondaryTableSize,avgt,1018975520.0,NaN,#,,600000,42,,,,
bench.PerfectHashingBenchmark.buildIndex,primary,avgt,65186.59845262378,1253.745751716998,us/op,,800000,42,,,,
bench.PerfectHashingBenchmark.buildIndex,async,avgt,NaN,NaN,---,,800000,42,,,,
bench.PerfectHashingBenchmark.buildIndex,expansionPermille,avgt,1087955.0,NaN,#,,800000,42,,,,
bench.PerfectHashingBenchmark.buildIndex,primaryCollisions,avgt,133105745.0,NaN,#,,800000,42,,,,
bench.PerfectHashingBenchmark.buildIndex,secondaryTableSize,avgt,870211490.0,NaN,#,,800000,42,,,,
bench.PerfectHashingBenchmark.containsHit,primary,thrpt,62.262031306116505,0.8407982537274833,ops/us,,200000,42,,,,
bench.PerfectHashingBenchmark.containsHit,async,thrpt,NaN,NaN,---,,200000,42,,,,
bench.PerfectHashingBenchmark.containsHit,primary,thrpt,39.168843597951096,0.11648739741979289,ops/us,,400000,42,,,,
bench.PerfectHashingBenchmark.containsHit,async,thrpt,NaN,NaN,---,,400000,42,,,,
bench.PerfectHashingBenchmark.containsHit,primary,thrpt,32.844851365308806,0.0982659312656857,ops/us,,600000,42,,,,
bench.PerfectHashingBenchmark.containsHit,async,thrpt,NaN,NaN,---,,600000,42,,,,
bench.PerfectHashingBenchmark.containsHit,primary,thrpt,31.072325688736715,0.2489255806998244,ops/us,,800000,42,,,,
bench.PerfectHashingBenchmark.containsHit,async,thrpt,NaN,NaN,---,,800000,42,,,,
bench.PerfectHashingBenchmark.containsHit,primary,avgt,0.015964049816129592,0.00014005877681166925,us/op,,200000,42,,,,
bench.PerfectHashingBenchmark.containsHit,async,avgt,NaN,NaN,---,,200000,42,,,,
bench.PerfectHashingBenchmark.containsHit,primary,avgt,0.02557818249783961,8.18629979779413e-05,us/op,,400000,42,,,,
bench.PerfectHashingBenchmark.containsHit,async,avgt,NaN,NaN,---,,400000,42,,,,
bench.PerfectHashingBenchmark.containsHit,primary,avgt,0.030238433653993382,9.154583361284998e-05,us/op,,600000,42,,,,
bench.PerfectHashingBenchmark.containsHit,async,avgt,NaN,NaN,---,,600000,42,,,,
bench.PerfectHashingBenchmark.containsHit,primary,avgt,0.031858597756465365,0.0002891531285933847,us/op,,800000,42,,,,
bench.PerfectHashingBenchmark.containsHit,async,avgt,NaN,NaN,---,,800000,42,,,,
bench.PerfectHashingBenchmark.containsMiss,primary,thrpt,77.82552118305375,0.8372103360071007,ops/us,,200000,42,,,,
bench.PerfectHashingBenchmark.containsMiss,async,thrpt,NaN,NaN,---,,200000,42,,,,
bench.PerfectHashingBenchmark.containsMiss,primary,thrpt,38.7480071616211,0.2850644708789812,ops/us,,400000,42,,,,
bench.PerfectHashingBenchmark.containsMiss,async,thrpt,NaN,NaN,---,,400000,42,,,,
bench.PerfectHashingBenchmark.containsMiss,primary,thrpt,40.5094228480828,0.14537698053819786,ops/us,,600000,42,,,,
bench.PerfectHashingBenchmark.containsMiss,async,thrpt,NaN,NaN,---,,600000,42,,,,
bench.PerfectHashingBenchmark.containsMiss,primary,thrpt,29.98463242993033,0.08842536022369037,ops/us,,800000,42,,,,
bench.PerfectHashingBenchmark.containsMiss,async,thrpt,NaN,NaN,---,,800000,42,,,,
bench.PerfectHashingBenchmark.containsMiss,primary,avgt,0.012871555589738745,6.652632078723378e-05,us/op,,200000,42,,,,
bench.PerfectHashingBenchmark.containsMiss,async,avgt,NaN,NaN,---,,200000,42,,,,
bench.PerfectHashingBenchmark.containsMiss,primary,avgt,0.02590315393519228,0.00017558559937451155,us/op,,400000,42,,,,
bench.PerfectHashingBenchmark.containsMiss,async,avgt,NaN,NaN,---,,400000,42,,,,
bench.PerfectHashingBenchmark.containsMiss,primary,avgt,0.0246981554901525,7.809679242743673e-05,us/op,,600000,42,,,,
bench.PerfectHashingBenchmark.containsMiss,async,avgt,NaN,NaN,---,,600000,42,,,,
bench.PerfectHashingBenchmark.containsMiss,primary,avgt,0.03262732554217696,0.000429341336070835,us/op,,800000,42,,,,
bench.PerfectHashingBenchmark.containsMiss,async,avgt,NaN,NaN,---,,800000,42,,,,
bench.PerfectHashingBenchmark.getHit,primary,thrpt,55.721461121489675,0.8815004094336626,ops/us,,200000,42,,,,
bench.PerfectHashingBenchmark.getHit,async,thrpt,NaN,NaN,---,,200000,42,,,,
bench.PerfectHashingBenchmark.getHit,primary,thrpt,34.765237113929565,0.13993510805896522,ops/us,,400000,42,,,,
bench.PerfectHashingBenchmark.getHit,async,thrpt,NaN,NaN,---,,400000,42,,,,
bench.PerfectHashingBenchmark.getHit,primary,thrpt,30.904773365038498,0.8575144692846466,ops/us,,600000,42,,,,
bench.PerfectHashingBenchmark.getHit,async,thrpt,NaN,NaN,---,,600000,42,,,,
bench.PerfectHashingBenchmark.getHit,primary,thrpt,28.448563433503153,0.08989896147238469,ops/us,,800000,42,,,,
bench.PerfectHashingBenchmark.getHit,async,thrpt,NaN,NaN,---,,800000,42,,,,
bench.PerfectHashingBenchmark.getHit,primary,avgt,0.017850720310907533,0.00010824666052323366,us/op,,200000,42,,,,
bench.PerfectHashingBenchmark.getHit,async,avgt,NaN,NaN,---,,200000,42,,,,
bench.PerfectHashingBenchmark.getHit,primary,avgt,0.02979457562316756,0.0010722533571666283,us/op,,400000,42,,,,
bench.PerfectHashingBenchmark.getHit,async,avgt,NaN,NaN,---,,400000,42,,,,
bench.PerfectHashingBenchmark.getHit,primary,avgt,0.03714379579216658,0.0034807423221877797,us/op,,600000,42,,,,
bench.PerfectHashingBenchmark.getHit,async,avgt,NaN,NaN,---,,600000,42,,,,
bench.PerfectHashingBenchmark.getHit,primary,avgt,0.03668994683116056,0.0019938766533711457,us/op,,800000,42,,,,
bench.PerfectHashingBenchmark.getHit,async,avgt,NaN,NaN,---,,800000,42,,,,
bench.PerfectHashingBenchmark.getMiss,primary,thrpt,77.96747642802039,0.6976866459914286,ops/us,,200000,42,,,,
bench.PerfectHashingBenchmark.getMiss,async,thrpt,NaN,NaN,---,,200000,42,,,,
bench.PerfectHashingBenchmark.getMiss,primary,thrpt,38.55140771776683,0.1942119718760474,ops/us,,400000,42,,,,
bench.PerfectHashingBenchmark.getMiss,async,thrpt,NaN,NaN,---,,400000,42,,,,
bench.PerfectHashingBenchmark.getMiss,primary,thrpt,40.892854509919395,0.18006975989920648,ops/us,,600000,42,,,,
bench.PerfectHashingBenchmark.getMiss,async,thrpt,NaN,NaN,---,,600000,42,,,,
bench.PerfectHashingBenchmark.getMiss,primary,thrpt,30.88721456088062,0.5392909839409809,ops/us,,800000,42,,,,
bench.PerfectHashingBenchmark.getMiss,async,thrpt,NaN,NaN,---,,800000,42,,,,
bench.PerfectHashingBenchmark.getMiss,primary,avgt,0.01280130245535848,0.0001961103472046435,us/op,,200000,42,,,,
bench.PerfectHashingBenchmark.getMiss,async,avgt,NaN,NaN,---,,200000,42,,,,
bench.PerfectHashingBenchmark.getMiss,primary,avgt,0.025715416164510275,0.00042799860884084055,us/op,,400000,42,,,,
bench.PerfectHashingBenchmark.getMiss,async,avgt,NaN,NaN,---,,400000,42,,,,
bench.PerfectHashingBenchmark.getMiss,primary,avgt,0.024660802835754798,0.00016906968799938358,us/op,,600000,42,,,,
bench.PerfectHashingBenchmark.getMiss,async,avgt,NaN,NaN,---,,600000,42,,,,
bench.PerfectHashingBenchmark.getMiss,primary,avgt,0.03277513110411439,0.000539536017982525,us/op,,800000,42,,,,
bench.PerfectHashingBenchmark.getMiss,async,avgt,NaN,NaN,---,,800000,42,,,,
